Molecule,Canonical SMILES,Formula,MW,#Heavy atoms,#Aromatic heavy atoms,Fraction Csp3,#Rotatable bonds,#H-bond acceptors,#H-bond donors,MR,TPSA,iLOGP,XLOGP3,WLOGP,MLOGP,Silicos-IT Log P,Consensus Log P,ESOL Log S,ESOL Solubility (mg/ml),ESOL Solubility (mol/l),ESOL Class,Ali Log S,Ali Solubility (mg/ml),Ali Solubility (mol/l),Ali Class,Silicos-IT LogSw,Silicos-IT Solubility (mg/ml),Silicos-IT Solubility (mol/l),Silicos-IT class,GI absorption,BBB permeant,Pgp substrate,CYP1A2 inhibitor,CYP2C19 inhibitor,CYP2C9 inhibitor,CYP2D6 inhibitor,CYP3A4 inhibitor,log Kp (cm/s),Lipinski #violations,Ghose #violations,Veber #violations,Egan #violations,Muegge #violations,Bioavailability Score,PAINS #alerts,Brenk #alerts,Leadlikeness #violations,Synthetic Accessibility
Molecule 1,CC(=O)OCC(NC(=O)C(NC(=O)c1ccccc1)Cc1ccccc1)Cc1ccccc1,C27H28N2O4,444.52,33,18,0.22,13,4,2,126.35,84.50,3.57,4.45,3.32,3.41,4.73,3.89,-4.95,5.04e-03,1.13e-05,Moderately soluble,-5.94,5.06e-04,1.14e-06,Moderately soluble,-8.70,8.87e-07,2.00e-09,Poorly soluble,High,No,Yes,No,Yes,Yes,Yes,Yes,-5.85,0,0,1,0,0,0.55,0,0,3,3.65
Molecule 2,CC(=CCCC(=C)C1CCC(=CC1)C)C,C15H24,204.35,15,0,0.60,4,0,0,70.68,0.00,3.67,6.43,5.04,4.53,4.50,4.83,-4.89,2.61e-03,1.28e-05,Moderately soluble,-6.22,1.22e-04,5.98e-07,Poorly soluble,-3.58,5.36e-02,2.62e-04,Soluble,Low,No,No,No,No,Yes,No,No,-2.98,1,0,0,0,2,0.55,0,1,2,3.90
Molecule 3,Oc1cc(cc2c1C(=O)c1c(C2=O)cccc1O)C(=O)O,C15H8O6,284.22,21,12,0.00,1,6,3,70.75,111.90,1.28,2.23,1.57,0.29,1.96,1.47,-3.36,1.23e-01,4.33e-04,Soluble,-4.22,1.73e-02,6.09e-05,Moderately soluble,-3.46,9.79e-02,3.44e-04,Soluble,High,No,No,No,No,No,No,No,-6.45,0,0,0,0,0,0.56,1,0,0,2.58
Molecule 4,OCc1cc(O)c2c(c1)C(=O)c1c(C2=O)c(O)ccc1,C15H10O5,270.24,20,12,0.07,1,5,3,69.92,94.83,1.96,1.82,1.21,0.10,2.42,1.50,-3.04,2.46e-01,9.12e-04,Soluble,-3.43,1.00e-01,3.70e-04,Soluble,-3.92,3.22e-02,1.19e-04,Soluble,High,No,No,Yes,No,No,No,Yes,-6.66,0,0,0,0,0,0.55,1,0,0,2.60
Molecule 5,Cc1cc(O)c2c(c1)C(=O)c1c(C2=O)c(O)ccc1,C15H10O4,254.24,19,12,0.07,0,4,2,68.76,74.60,2.22,3.53,2.18,0.92,3.04,2.38,-4.11,1.98e-02,7.81e-05,Moderately soluble,-4.78,4.21e-03,1.66e-05,Moderately soluble,-4.49,8.32e-03,3.27e-05,Moderately soluble,High,Yes,No,Yes,No,No,No,Yes,-5.34,0,0,0,0,0,0.55,1,0,1,2.47
Molecule 6,Cc1ccc2c(c1)c(ccc2C)C(C)C,C15H18,198.30,15,10,0.33,1,0,0,68.46,0.00,3.06,5.57,4.58,5.62,4.97,4.76,-5.01,1.96e-03,9.86e-06,Moderately soluble,-5.33,9.25e-04,4.66e-06,Moderately soluble,-5.67,4.20e-04,2.12e-06,Moderately soluble,Low,No,No,No,No,No,Yes,No,-3.55,1,0,0,0,3,0.55,0,0,2,1.05
Molecule 7,C=CCc1cc(OC)c(c(c1)OC)OC,C12H16O3,208.25,15,6,0.33,5,3,0,60.02,27.69,2.89,2.53,2.44,1.97,3.06,2.58,-2.69,4.24e-01,2.04e-03,Soluble,-2.76,3.64e-01,1.75e-03,Soluble,-3.64,4.79e-02,2.30e-04,Soluble,High,Yes,No,Yes,No,No,No,No,-5.77,0,0,0,0,0,0.55,0,1,1,2.00
Molecule 8,CC(c1ccc(c(c1)O)C)C,C10H14O,150.22,11,6,0.40,1,1,1,48.01,20.23,2.24,3.49,2.82,2.76,2.79,2.82,-3.31,7.40e-02,4.92e-04,Soluble,-3.60,3.79e-02,2.53e-04,Soluble,-3.01,1.46e-01,9.71e-04,Soluble,High,Yes,No,Yes,No,No,No,No,-4.74,0,1,0,0,2,0.55,0,0,1,1.00
Molecule 9,CC(C1CCC(C2C1C(CC2)C(=O)C)(C)O)C,C15H26O2,238.37,17,0,0.93,2,2,1,71.39,37.30,2.65,2.56,3.03,2.74,2.88,2.77,-2.80,3.79e-01,1.59e-03,Soluble,-2.99,2.43e-01,1.02e-03,Soluble,-2.42,9.02e-01,3.78e-03,Soluble,High,Yes,No,No,No,No,No,No,-5.94,0,0,0,0,0,0.55,0,0,1,3.47
Molecule 10,C=CCc1cc(OC)c2c(c1OC)OCO2,C12H14O4,222.24,16,6,0.33,4,4,0,59.59,36.92,2.85,2.75,2.16,1.40,3.02,2.44,-2.96,2.42e-01,1.09e-03,Soluble,-3.18,1.47e-01,6.60e-04,Soluble,-3.26,1.21e-01,5.45e-04,Soluble,High,Yes,No,Yes,No,No,No,No,-5.70,0,0,0,0,0,0.55,0,1,1,2.57
Molecule 11,CC1=CCCC2(C1CC(CC2)C(=C)C)C,C15H24,204.35,15,0,0.73,1,0,0,68.78,0.00,3.31,5.20,4.73,4.63,4.14,4.40,-4.32,9.85e-03,4.82e-05,Moderately soluble,-4.95,2.31e-03,1.13e-05,Moderately soluble,-3.55,5.79e-02,2.83e-04,Soluble,Low,No,No,No,Yes,Yes,No,No,-3.85,1,0,0,0,2,0.55,0,1,2,4.22
Molecule 12,CC1CCC2=C(C)CCC3C(C12)C3(C)C,C15H24,204.35,15,0,0.87,0,0,0,67.14,0.00,3.30,4.03,4.42,5.65,3.91,4.26,-3.65,4.62e-02,2.26e-04,Soluble,-3.73,3.78e-02,1.85e-04,Soluble,-3.52,6.19e-02,3.03e-04,Soluble,Low,No,No,No,Yes,Yes,No,No,-4.69,1,0,0,0,1,0.55,0,1,2,4.45
Molecule 13,C=CC(=C)CCCC(O)(C)C,C10H18O,154.25,11,0,0.60,5,1,1,50.44,20.23,2.65,3.01,2.67,2.59,2.52,2.69,-2.36,6.69e-01,4.34e-03,Soluble,-3.10,1.23e-01,7.95e-04,Soluble,-2.22,9.32e-01,6.04e-03,Soluble,High,Yes,No,No,No,No,No,No,-5.10,0,1,0,0,2,0.55,0,1,1,2.20
Molecule 14,CC(C1CCC(C23C1C2C(C)(O)CC3)C)C,C15H26O,222.37,16,0,1.00,1,1,1,68.82,20.23,3.09,3.92,3.47,3.81,3.22,3.50,-3.62,5.31e-02,2.39e-04,Soluble,-4.04,2.01e-02,9.04e-05,Moderately soluble,-2.73,4.10e-01,1.85e-03,Soluble,High,Yes,No,No,Yes,Yes,No,No,-4.87,0,0,0,0,1,0.55,0,0,2,4.13
Molecule 15,CC1CCC2C1C1C(C1(C)C)CCC2(C)O,C15H26O,222.37,16,0,1.00,0,1,1,68.82,20.23,3.08,3.74,3.47,3.81,3.00,3.42,-3.57,5.92e-02,2.66e-04,Soluble,-3.86,3.09e-02,1.39e-04,Soluble,-2.73,4.10e-01,1.85e-03,Soluble,High,Yes,No,No,Yes,No,No,No,-5.00,0,0,0,0,1,0.55,0,0,2,3.58
Molecule 16,CC1=CC2C(CC1)(O)C(C)CCC2C(C)C,C15H26O,222.37,16,0,0.87,1,1,1,70.72,20.23,3.24,3.70,3.78,3.67,3.22,3.52,-3.48,7.30e-02,3.28e-04,Soluble,-3.82,3.40e-02,1.53e-04,Soluble,-2.73,4.10e-01,1.85e-03,Soluble,High,Yes,No,No,Yes,Yes,No,No,-5.03,0,0,0,0,1,0.55,0,1,2,4.34
Molecule 17,C=C1C(=O)CC2CC1C2(C)C,C10H14O,150.22,11,0,0.70,0,1,0,45.42,17.07,2.15,2.16,2.18,2.20,2.73,2.28,-2.13,1.11e+00,7.38e-03,Soluble,-2.15,1.06e+00,7.06e-03,Soluble,-2.38,6.31e-01,4.20e-03,Soluble,High,Yes,No,No,No,No,No,No,-5.68,0,1,0,0,2,0.55,0,1,1,3.55
Molecule 18,CC(C1CC=C(c2c1cc(C)cc2)C)C,C15H20,200.32,15,6,0.47,1,0,0,68.39,0.00,3.12,4.41,4.54,5.36,4.47,4.38,-4.09,1.63e-02,8.12e-05,Moderately soluble,-4.13,1.49e-02,7.46e-05,Moderately soluble,-4.63,4.71e-03,2.35e-05,Moderately soluble,Low,No,No,No,No,No,Yes,No,-4.39,1,0,0,0,1,0.55,0,0,2,3.22
Molecule 19,CC1=CC2C(CC1)C(=CCC2C(C)C)C,C15H24,204.35,15,0,0.73,1,0,0,69.04,0.00,3.38,4.08,4.58,4.63,3.73,4.08,-3.61,5.00e-02,2.45e-04,Soluble,-3.79,3.35e-02,1.64e-04,Soluble,-3.07,1.74e-01,8.51e-04,Soluble,Low,No,No,No,Yes,Yes,No,No,-4.65,1,0,0,0,1,0.55,0,1,2,4.35
Molecule 20,CC(=O)OC1CC2C(C3C1(C)C1=CC(=O)C(C1(CC3)C)c1ccoc1)(C)C=CC(=O)C2(C)C,C28H34O5,450.57,33,5,0.61,3,5,0,125.48,73.58,3.17,4.82,5.42,3.28,5.00,4.34,-5.58,1.17e-03,2.60e-06,Moderately soluble,-6.10,3.59e-04,7.98e-07,Poorly soluble,-6.31,2.23e-04,4.94e-07,Poorly soluble,High,No,Yes,No,No,No,No,No,-5.63,0,0,0,0,0,0.55,0,0,2,5.89
Molecule 21,CCC(C(C)C)CCC(C1CCC2C1(C)CCC1C2CC=C2C1(C)CCC(C2)OC1OC(CO)C(C(C1O)O)O)C,C35H60O6,576.85,41,0,0.94,9,6,4,165.61,99.38,4.98,7.74,5.85,3.96,5.02,5.51,-7.70,1.15e-05,2.00e-08,Poorly soluble,-9.67,1.23e-07,2.14e-10,Poorly soluble,-4.40,2.28e-02,3.94e-05,Moderately soluble,Low,No,No,No,No,No,No,No,-4.32,1,4,0,0,1,0.55,0,1,3,8.02
Molecule 22,O=CCC1CC=C(C1(C)C)C,C10H16O,152.23,11,0,0.70,2,1,0,47.54,17.07,2.13,1.86,2.57,2.20,2.69,2.29,-1.82,2.28e+00,1.50e-02,Very soluble,-1.84,2.20e+00,1.45e-02,Very soluble,-2.27,8.08e-01,5.31e-03,Soluble,High,Yes,No,No,No,No,No,No,-5.91,0,1,0,0,2,0.55,0,2,1,3.33
Molecule 23,CCCCCCCCC1=C(C1)CCCCCCCC(=O)O,C19H34O2,294.47,21,0,0.84,15,2,1,92.63,37.30,3.51,6.53,6.25,4.41,6.39,5.42,-4.79,4.78e-03,1.62e-05,Moderately soluble,-7.11,2.28e-05,7.75e-08,Poorly soluble,-6.10,2.34e-04,7.94e-07,Poorly soluble,High,No,No,Yes,No,No,No,No,-3.46,1,1,1,1,1,0.85,0,1,2,3.32
Molecule 24,CC1=CCCC(=CC2C(CC1)C2(C)C)C,C15H24,204.35,15,0,0.73,0,0,0,68.78,0.00,3.34,4.14,4.73,4.63,3.91,4.15,-3.72,3.94e-02,1.93e-04,Soluble,-3.85,2.90e-02,1.42e-04,Soluble,-3.52,6.19e-02,3.03e-04,Soluble,Low,No,No,No,Yes,Yes,No,No,-4.61,1,0,0,0,1,0.55,0,1,2,4.34
Molecule 25,CC(=CCOC(=O)C)CCC=C(C)C,C12H20O2,196.29,14,0,0.58,6,2,0,60.13,26.30,2.83,4.04,3.24,2.95,2.98,3.21,-3.21,1.22e-01,6.22e-04,Soluble,-4.30,9.93e-03,5.06e-05,Moderately soluble,-2.52,5.97e-01,3.04e-03,Soluble,High,Yes,No,No,No,No,No,No,-4.63,0,0,0,0,1,0.55,0,1,2,2.72
Molecule 26,OCC=Cc1ccc(c(c1)OC)O,C10H12O3,180.20,13,6,0.20,3,3,2,51.02,49.69,2.16,1.79,1.30,1.13,1.71,1.62,-2.23,1.06e+00,5.91e-03,Soluble,-2.45,6.36e-01,3.53e-03,Soluble,-1.87,2.44e+00,1.35e-02,Soluble,High,Yes,No,No,No,No,No,No,-6.13,0,0,0,0,1,0.55,0,0,1,1.86
Molecule 27,COc1c(CC=C(C)C)c(O)cc(c1C(=O)C)O,C14H18O4,250.29,18,6,0.36,4,4,2,70.89,66.76,2.25,3.34,2.82,1.57,2.92,2.58,-3.48,8.31e-02,3.32e-04,Soluble,-4.42,9.54e-03,3.81e-05,Moderately soluble,-2.99,2.58e-01,1.03e-03,Soluble,High,Yes,No,Yes,No,No,No,No,-5.46,0,0,0,0,0,0.55,0,1,0,2.36
Molecule 28,CC1=CCC(CC1)C(O)(C)C,C10H18O,154.25,11,0,0.80,1,1,1,48.80,20.23,2.51,3.39,2.50,2.30,2.17,2.58,-2.87,2.10e-01,1.36e-03,Soluble,-3.49,4.95e-02,3.21e-04,Soluble,-1.69,3.17e+00,2.06e-02,Soluble,High,Yes,No,No,No,No,No,No,-4.83,0,1,0,0,2,0.55,0,1,1,3.24
Molecule 29,C=C1CCC2OC2(CCC2C1CC2(C)C)C,C15H24O,220.35,16,0,0.87,0,1,0,68.27,12.53,3.15,3.56,3.94,3.67,4.07,3.68,-3.45,7.84e-02,3.56e-04,Soluble,-3.51,6.83e-02,3.10e-04,Soluble,-3.51,6.81e-02,3.09e-04,Soluble,High,Yes,No,No,Yes,Yes,No,No,-5.12,0,0,0,0,1,0.55,0,2,2,4.35
Molecule 30,OCC1OC(O)C(C(C1O)O)O,C6H12O6,180.16,12,0,1.00,1,6,5,35.74,110.38,0.24,-3.24,-3.22,-2.75,-2.30,-2.26,1.15,2.55e+03,1.41e+01,Highly soluble,1.49,5.61e+03,3.11e+01,Highly soluble,2.62,7.42e+04,4.12e+02,Soluble,Low,No,Yes,No,No,No,No,No,-9.70,0,2,0,0,2,0.55,0,0,1,4.08
Molecule 31,CCC(C(C)C)CCC(C1CCC2C1(C)CCC1C2CC=C2C1(C)CCC(C2)O)C,C29H50O,414.71,30,0,0.93,6,1,1,133.23,20.23,4.79,9.34,8.02,6.73,7.04,7.19,-7.90,5.23e-06,1.26e-08,Poorly soluble,-9.67,8.90e-08,2.15e-10,Poorly soluble,-6.19,2.69e-04,6.49e-07,Poorly soluble,Low,No,No,No,No,No,No,No,-2.20,1,3,0,1,2,0.55,0,1,2,6.30
Molecule 32,CC1=CCC(CC1)C(=C)C,C10H16,136.23,10,0,0.60,1,0,0,47.12,0.00,2.72,4.57,3.31,3.27,2.97,3.37,-3.50,4.33e-02,3.18e-04,Soluble,-4.29,6.93e-03,5.09e-05,Moderately soluble,-2.26,7.54e-01,5.53e-03,Soluble,Low,Yes,No,No,No,Yes,No,No,-3.89,0,1,0,0,2,0.55,0,1,2,3.46
Molecule 33,COc1c2ccc(=O)oc2cc2c1cco2,C12H8O4,216.19,16,13,0.08,1,4,0,58.75,52.58,2.29,1.93,2.55,1.18,2.88,2.16,-2.93,2.53e-01,1.17e-03,Soluble,-2.66,4.75e-01,2.20e-03,Soluble,-4.63,5.01e-03,2.32e-05,Moderately soluble,High,Yes,No,Yes,No,No,No,No,-6.25,0,0,0,0,0,0.55,0,1,1,2.90
Molecule 34,CC1=CCC2C(C1)C2(C)C,C10H16,136.23,10,0,0.80,0,0,0,45.22,0.00,2.63,4.38,3.00,4.29,2.79,3.42,-3.44,4.90e-02,3.60e-04,Soluble,-4.10,1.09e-02,8.01e-05,Moderately soluble,-2.23,8.06e-01,5.92e-03,Soluble,Low,Yes,No,No,No,Yes,No,No,-4.02,1,1,0,0,2,0.55,0,1,2,3.84
Molecule 35,O=C1CC2(C(C1C)C2)C(C)C,C10H16O,152.23,11,0,0.90,1,1,0,45.90,17.07,2.27,2.27,2.26,2.30,2.63,2.35,-2.15,1.08e+00,7.11e-03,Soluble,-2.27,8.27e-01,5.43e-03,Soluble,-2.15,1.08e+00,7.10e-03,Soluble,High,Yes,No,No,No,No,No,No,-5.62,0,1,0,0,2,0.55,0,0,1,2.79
Molecule 36,COc1c(OC)ccc2c1c[n+](C)c1c2ccc2c1cc1OCOc1c2,C21H18NO4+,348.37,26,18,0.19,2,4,0,101.60,40.80,0.22,4.58,3.72,2.53,4.08,3.02,-5.27,1.89e-03,5.42e-06,Moderately soluble,-5.16,2.41e-03,6.91e-06,Moderately soluble,-6.59,9.02e-05,2.59e-07,Poorly soluble,High,Yes,Yes,Yes,Yes,Yes,No,Yes,-5.17,0,0,0,0,0,0.55,0,2,1,2.77
Molecule 37,O=c1ccc2c(o1)cccc2,C9H6O2,146.14,11,10,0.00,0,2,0,42.48,30.21,1.75,1.39,1.79,1.65,2.50,1.82,-2.29,7.42e-01,5.08e-03,Soluble,-1.63,3.44e+00,2.35e-02,Very soluble,-3.59,3.77e-02,2.58e-04,Soluble,High,Yes,No,Yes,No,No,No,No,-6.20,0,2,0,0,1,0.55,0,1,1,2.74
Molecule 38,OC(=O)c1cc(O)c(c(c1)O)O,C7H6O5,170.12,12,6,0.00,1,5,4,39.47,97.99,0.21,0.70,0.50,-0.16,-0.20,0.21,-1.64,3.90e+00,2.29e-02,Very soluble,-2.34,7.86e-01,4.62e-03,Soluble,-0.04,1.55e+02,9.10e-01,Soluble,High,No,No,No,No,No,No,Yes,-6.84,0,2,0,0,1,0.56,1,1,1,1.22
Molecule 39,OC(=O)C(Cn1oc(=O)[nH]c1=O)N,C5H7N3O5,189.13,13,5,0.40,3,6,3,38.94,131.32,-0.06,-3.89,-2.46,-3.85,-1.22,-2.29,1.35,4.25e+03,2.25e+01,Highly soluble,1.73,1.01e+04,5.34e+01,Highly soluble,0.67,8.93e+02,4.72e+00,Soluble,Low,No,No,No,No,No,No,No,-10.22,0,2,0,0,2,0.55,0,0,1,2.99
Molecule 40,CC1CCC2C1C1C(C1(C)C)CCC2=C,C15H24,204.35,15,0,0.87,0,0,0,67.14,0.00,3.26,4.71,4.27,5.65,3.80,4.34,-4.07,1.72e-02,8.43e-05,Moderately soluble,-4.44,7.44e-03,3.64e-05,Moderately soluble,-3.32,9.83e-02,4.81e-04,Soluble,Low,Yes,No,Yes,Yes,Yes,No,No,-4.20,1,0,0,0,1,0.55,0,1,2,3.70
Molecule 41,C=CCc1cc(OC)c2c(c1)OCO2,C11H12O3,192.21,14,6,0.27,3,3,0,53.10,27.69,2.67,2.94,2.15,1.70,2.99,2.49,-3.00,1.91e-01,9.93e-04,Soluble,-3.18,1.26e-01,6.55e-04,Soluble,-3.13,1.42e-01,7.38e-04,Soluble,High,Yes,No,Yes,No,No,No,No,-5.39,0,0,0,0,1,0.55,0,1,1,2.40
Molecule 42,O=C1OC2CC3C1(CCCC3(C)C)c1c2cc(c(c1O)O)C(C)C,C20H26O4,330.42,24,6,0.65,1,4,2,92.83,66.76,2.97,4.38,3.96,3.25,4.05,3.72,-4.77,5.65e-03,1.71e-05,Moderately soluble,-5.50,1.05e-03,3.17e-06,Moderately soluble,-4.45,1.16e-02,3.52e-05,Moderately soluble,High,Yes,Yes,No,No,Yes,No,No,-5.21,0,0,0,0,0,0.55,1,1,1,4.88
Molecule 43,CC(=CCCC(C1CCC(=CC1)C)(O)C)C,C15H26O,222.37,16,0,0.73,4,1,1,72.36,20.23,3.46,3.79,4.23,3.56,3.74,3.76,-3.34,1.01e-01,4.55e-04,Soluble,-3.91,2.74e-02,1.23e-04,Soluble,-3.00,2.24e-01,1.01e-03,Soluble,High,Yes,No,No,No,Yes,No,No,-4.97,0,0,0,0,1,0.55,0,1,2,3.95
Molecule 44,CC1=CCC2(C3(C1C3)C(C)(C)CCC2)C,C15H24,204.35,15,0,0.87,0,0,0,66.62,0.00,3.15,4.76,4.56,5.65,4.30,4.48,-4.11,1.60e-02,7.84e-05,Moderately soluble,-4.49,6.60e-03,3.23e-05,Moderately soluble,-3.97,2.19e-02,1.07e-04,Soluble,Low,No,No,No,Yes,Yes,No,No,-4.17,1,0,0,0,1,0.55,0,1,2,4.92
Molecule 45,CC1CCC(=C(C)C)C(=O)C1,C10H16O,152.23,11,0,0.70,0,1,0,47.80,17.07,2.33,3.08,2.71,2.20,2.76,2.62,-2.72,2.87e-01,1.89e-03,Soluble,-3.11,1.19e-01,7.84e-04,Soluble,-2.38,6.35e-01,4.17e-03,Soluble,High,Yes,No,No,No,No,No,No,-5.04,0,1,0,0,2,0.55,0,1,1,2.75
Molecule 46,Oc1ccc(cc1)C1Oc2cc(O)cc(c2CC1O)O,C15H14O5,274.27,20,12,0.20,1,5,4,72.31,90.15,1.38,0.72,1.52,0.79,1.47,1.17,-2.37,1.16e+00,4.25e-03,Soluble,-2.19,1.76e+00,6.43e-03,Soluble,-2.72,5.19e-01,1.89e-03,Soluble,High,No,Yes,No,No,No,No,No,-7.46,0,0,0,0,0,0.55,0,0,0,3.39
Molecule 47,OCC=C(CCC=C(CCC=C(C)C)C)C,C15H26O,222.37,16,0,0.60,7,1,1,73.96,20.23,3.71,5.42,4.40,3.86,4.21,4.32,-4.17,1.50e-02,6.74e-05,Moderately soluble,-5.60,5.58e-04,2.51e-06,Moderately soluble,-3.15,1.56e-01,7.00e-04,Soluble,High,Yes,No,Yes,No,Yes,No,No,-3.81,0,0,0,0,2,0.55,0,1,2,3.17
Molecule 48,CCCCCCCCC=CCCCCCCCC(=O)O,C18H34O2,282.46,20,0,0.83,15,2,1,89.94,37.30,4.27,7.64,6.11,4.57,5.95,5.71,-5.41,1.09e-03,3.85e-06,Moderately soluble,-8.26,1.54e-06,5.46e-09,Poorly soluble,-5.39,1.14e-03,4.04e-06,Moderately soluble,High,No,No,Yes,No,Yes,No,No,-2.60,1,1,1,1,1,0.85,0,1,2,3.07
Molecule 49,C=CCc1ccc2c(c1)OCO2,C10H10O2,162.19,12,6,0.20,2,2,0,46.61,18.46,2.46,2.96,2.14,2.02,3.01,2.52,-2.95,1.83e-01,1.13e-03,Soluble,-3.01,1.58e-01,9.76e-04,Soluble,-2.99,1.66e-01,1.02e-03,Soluble,High,Yes,No,Yes,No,No,No,No,-5.19,0,0,0,0,1,0.55,0,1,1,2.10
Molecule 50,Oc1cc(O)c2c(c1)oc(c(c2=O)O)c1ccc(c(c1)O)O,C15H10O7,302.24,22,16,0.00,1,7,5,78.03,131.36,1.63,1.54,1.99,-0.56,1.54,1.23,-3.16,2.11e-01,6.98e-04,Soluble,-3.91,3.74e-02,1.24e-04,Soluble,-3.24,1.73e-01,5.73e-04,Soluble,High,No,No,Yes,No,No,Yes,Yes,-7.05,0,0,0,0,0,0.55,1,1,0,3.23
Molecule 51,COc1ccc(cc1)c1coc2c(c1=O)ccc(c2)O,C16H12O4,268.26,20,16,0.06,2,4,1,76.43,59.67,2.49,2.80,3.17,1.33,3.52,2.66,-3.73,5.03e-02,1.87e-04,Soluble,-3.71,5.23e-02,1.95e-04,Soluble,-5.68,5.58e-04,2.08e-06,Moderately soluble,High,Yes,No,Yes,No,No,Yes,Yes,-5.95,0,0,0,0,0,0.55,0,0,0,2.81
Molecule 52,OCC1OC(C(C(C1O)O)O)c1c(O)cc(c2c1oc(cc2=O)c1ccc(cc1)O)O,C21H20O10,432.38,31,16,0.29,3,10,7,106.61,181.05,1.38,0.21,-0.23,-2.02,0.33,-0.07,-2.84,6.29e-01,1.46e-03,Soluble,-3.57,1.16e-01,2.68e-04,Soluble,-2.38,1.81e+00,4.20e-03,Soluble,Low,No,No,No,No,No,No,No,-8.79,1,0,1,1,2,0.55,0,0,1,5.12
Molecule 53,Oc1ccc(cc1)c1cc(=O)c2c(o1)cc(cc2O)O,C15H10O5,270.24,20,16,0.00,1,5,3,73.99,90.90,1.89,3.02,2.58,0.52,2.52,2.11,-3.94,3.07e-02,1.14e-04,Soluble,-4.59,6.88e-03,2.55e-05,Moderately soluble,-4.40,1.07e-02,3.94e-05,Moderately soluble,High,No,No,Yes,No,No,Yes,Yes,-5.80,0,0,0,0,0,0.55,0,0,0,2.96
Molecule 54,Oc1cc(O)c2c(c1)oc(cc2=O)c1ccc(c(c1)O)O,C15H10O6,286.24,21,16,0.00,1,6,4,76.01,111.13,1.86,2.53,2.28,-0.03,2.03,1.73,-3.71,5.63e-02,1.97e-04,Soluble,-4.51,8.84e-03,3.09e-05,Moderately soluble,-3.82,4.29e-02,1.50e-04,Soluble,High,No,No,Yes,No,No,Yes,Yes,-6.25,0,0,0,0,0,0.55,1,1,0,3.02
Molecule 55,COc1cc2ccc(=O)oc2cc1O,C10H8O4,192.17,14,10,0.10,1,4,1,51.00,59.67,1.86,1.53,1.51,0.76,1.94,1.52,-2.46,6.70e-01,3.48e-03,Soluble,-2.39,7.79e-01,4.06e-03,Soluble,-3.17,1.31e-01,6.81e-04,Soluble,High,Yes,No,Yes,No,No,No,No,-6.39,0,0,0,0,1,0.55,0,1,1,2.62
Molecule 56,CCC(C(C)C)C=CC(C1CCC2C1(C)CCC1C2CC=C2C1(C)CCC(C2)O)C,C29H48O,412.69,30,0,0.86,5,1,1,132.75,20.23,5.01,8.56,7.80,6.62,6.86,6.97,-7.46,1.43e-05,3.46e-08,Poorly soluble,-8.86,5.71e-07,1.38e-09,Poorly soluble,-5.47,1.40e-03,3.39e-06,Moderately soluble,Low,No,No,No,No,Yes,No,No,-2.74,1,3,0,1,2,0.55,0,1,2,6.21
Molecule 57,OCC1OC(Oc2c(oc3c(c2=O)c(O)cc(c3)O)c2ccc(c(c2)O)O)C(C(C1O)O)O,C21H20O12,464.38,33,16,0.29,4,12,8,110.16,210.51,2.11,0.36,-0.54,-2.59,-0.59,-0.25,-3.04,4.23e-01,9.10e-04,Soluble,-4.35,2.10e-02,4.51e-05,Moderately soluble,-1.51,1.43e+01,3.08e-02,Soluble,Low,No,No,No,No,No,No,No,-8.88,2,1,1,1,3,0.17,1,1,1,5.32
Molecule 58,Oc1ccc(cc1)c1oc2cc(O)cc(c2c(=O)c1O)O,C15H10O6,286.24,21,16,0.00,1,6,4,76.01,111.13,1.70,1.90,2.28,-0.03,2.03,1.58,-3.31,1.40e-01,4.90e-04,Soluble,-3.86,3.98e-02,1.39e-04,Soluble,-3.82,4.29e-02,1.50e-04,Soluble,High,No,No,Yes,No,No,Yes,Yes,-6.70,0,0,0,0,0,0.55,0,0,0,3.14
Molecule 59,Oc1ccc(cc1)c1coc2c(c1=O)c(O)cc(c2)O,C15H10O5,270.24,20,16,0.00,1,5,3,73.99,90.90,1.91,2.67,2.58,0.52,2.52,2.04,-3.72,5.11e-02,1.89e-04,Soluble,-4.23,1.59e-02,5.88e-05,Moderately soluble,-4.40,1.07e-02,3.94e-05,Moderately soluble,High,No,No,Yes,No,No,Yes,Yes,-6.05,0,0,0,0,0,0.55,0,0,0,2.87
Molecule 60,CC1=CCC(C)(C)C=CCC(=CCC1)C,C15H24,204.35,15,0,0.60,0,0,0,70.42,0.00,3.27,4.55,5.04,4.53,3.91,4.26,-3.97,2.17e-02,1.06e-04,Soluble,-4.27,1.09e-02,5.34e-05,Moderately soluble,-3.52,6.19e-02,3.03e-04,Soluble,Low,No,No,No,No,Yes,No,No,-4.32,1,0,0,0,1,0.55,0,1,2,3.66
Molecule 61,C=CC(=CCC=C(C)C)C,C10H16,136.23,10,0,0.40,3,0,0,48.76,0.00,2.80,4.26,3.48,3.56,2.88,3.40,-3.17,9.20e-02,6.75e-04,Soluble,-3.97,1.45e-02,1.07e-04,Soluble,-2.04,1.24e+00,9.10e-03,Soluble,Low,Yes,No,No,No,No,No,No,-4.11,0,1,0,0,2,0.55,0,2,2,3.63
Molecule 62,OCC1OC(Oc2c(oc3c(c2=O)c(O)cc(c3)O)c2ccc(c(c2)O)O)C(C(C1O)O)O,C21H20O12,464.38,33,16,0.29,4,12,8,110.16,210.51,2.11,0.36,-0.54,-2.59,-0.59,-0.25,-3.04,4.23e-01,9.10e-04,Soluble,-4.35,2.10e-02,4.51e-05,Moderately soluble,-1.51,1.43e+01,3.08e-02,Soluble,Low,No,No,No,No,No,No,No,-8.88,2,1,1,1,3,0.17,1,1,1,5.32
Molecule 63,Oc1cc(O)c2c(c1)oc(c(c2=O)O)c1cc(O)c(c(c1)O)O,C15H10O8,318.24,23,16,0.00,1,8,6,80.06,151.59,1.08,1.18,1.69,-1.08,1.06,0.79,-3.01,3.14e-01,9.88e-04,Soluble,-3.96,3.50e-02,1.10e-04,Soluble,-2.66,6.98e-01,2.19e-03,Soluble,Low,No,No,Yes,No,No,No,Yes,-7.40,1,0,1,1,2,0.55,1,1,0,3.27
Molecule 64,OCC1OC(Oc2c(oc3c(c2=O)c(O)cc(c3)O)c2ccc(cc2)O)C(C(C1O)O)O,C21H20O11,448.38,32,16,0.29,4,11,7,108.13,190.28,0.53,0.72,-0.24,-2.10,-0.12,-0.25,-3.18,2.97e-01,6.61e-04,Soluble,-4.29,2.28e-02,5.08e-05,Moderately soluble,-2.10,3.55e+00,7.91e-03,Soluble,Low,No,No,No,No,No,No,No,-8.52,2,0,1,1,3,0.17,0,0,1,5.29
Molecule 65,CCCCCC=CCC=CCCCCCCCC(=O)OC,C19H34O2,294.47,21,0,0.74,15,2,0,93.78,26.30,4.61,6.82,5.97,4.70,6.36,5.69,-4.97,3.14e-03,1.07e-05,Moderately soluble,-7.18,1.94e-05,6.60e-08,Poorly soluble,-5.37,1.25e-03,4.25e-06,Moderately soluble,High,No,No,Yes,No,Yes,No,No,-3.25,1,1,1,1,1,0.55,0,1,2,3.18
Molecule 66,OC(COP(=O)(OCC[N+](C)(C)C)[O-])COC(=O)C,C10H22NO7P,299.26,19,0,0.90,10,7,1,65.47,114.93,-2.15,-1.69,0.19,-4.55,-3.16,-2.27,0.03,3.20e+02,1.07e+00,Highly soluble,-0.21,1.84e+02,6.15e-01,Very soluble,-1.18,1.98e+01,6.61e-02,Soluble,High,No,No,No,No,No,No,No,-9.33,0,0,0,0,0,0.55,0,2,1,4.19
Molecule 67,Oc1ccc(cc1)c1oc2cc(O)cc(c2c(=O)c1OC1OC(C)C(C(C1O)O)O)O,C21H20O10,432.38,31,16,0.29,3,10,6,106.97,170.05,1.84,1.22,0.78,-1.34,0.48,0.60,-3.47,1.45e-01,3.36e-04,Soluble,-4.39,1.77e-02,4.09e-05,Moderately soluble,-2.67,9.14e-01,2.11e-03,Soluble,Low,No,No,No,No,No,No,No,-8.07,1,0,1,1,2,0.55,0,0,1,5.25
Molecule 68,C=CC(=C)CCC=C(CCC=C(C)C)C,C15H24,204.35,15,0,0.47,7,0,0,72.32,0.00,3.86,6.03,5.20,4.84,4.93,4.97,-4.44,7.35e-03,3.60e-05,Moderately soluble,-5.81,3.18e-04,1.55e-06,Moderately soluble,-3.74,3.73e-02,1.82e-04,Soluble,Low,No,No,Yes,No,Yes,No,No,-3.27,1,0,0,0,2,0.55,0,2,2,3.42
Molecule 69,CC1=CCCC2(C)OC2CC(C=CC1)(C)C,C15H24O,220.35,16,0,0.73,0,1,0,69.91,12.53,3.10,3.91,4.25,3.56,3.78,3.72,-3.67,4.72e-02,2.14e-04,Soluble,-3.87,2.96e-02,1.34e-04,Soluble,-3.26,1.21e-01,5.48e-04,Soluble,High,Yes,No,No,No,Yes,No,No,-4.87,0,0,0,0,1,0.55,0,2,2,4.14
Molecule 70,OCC(C(C(C=O)O)O)O,C5H10O5,150.13,10,0,0.80,4,5,4,31.00,97.99,0.10,-2.32,-2.74,-2.48,-1.29,-1.74,0.95,1.35e+03,9.01e+00,Highly soluble,0.80,9.44e+02,6.29e+00,Highly soluble,1.94,1.30e+04,8.69e+01,Soluble,Low,No,No,No,No,No,No,No,-8.86,0,3,0,0,2,0.55,0,1,1,2.81
Molecule 71,C[n+]1cccc(c1)C(=O)[O-],C7H7NO2,137.14,10,6,0.14,1,2,0,35.05,44.01,-3.11,0.51,-1.13,0.33,0.36,-0.61,-1.39,5.59e+00,4.08e-02,Very soluble,-1.00,1.36e+01,9.89e-02,Very soluble,-0.94,1.59e+01,1.16e-01,Soluble,High,No,No,No,No,No,No,No,-6.77,0,4,0,0,1,0.55,0,1,1,1.04
Molecule 72,CCC(=O)OCc1ccco1,C8H10O3,154.16,11,5,0.38,4,3,0,39.38,39.44,2.24,1.18,1.58,0.44,1.75,1.44,-1.61,3.77e+00,2.45e-02,Very soluble,-1.60,3.84e+00,2.49e-02,Very soluble,-2.48,5.09e-01,3.30e-03,Soluble,High,Yes,No,Yes,No,No,No,No,-6.40,0,2,0,0,1,0.55,0,0,1,2.19
Molecule 73,COC(=O)CC(CCC=C(C)C)C,C11H20O2,184.28,13,0,0.73,6,2,0,55.80,26.30,3.11,3.35,2.93,2.76,2.71,2.97,-2.70,3.70e-01,2.01e-03,Soluble,-3.58,4.85e-02,2.63e-04,Soluble,-2.47,6.23e-01,3.38e-03,Soluble,High,Yes,No,No,No,No,No,No,-5.05,0,0,0,0,1,0.55,0,1,1,2.58
Molecule 74,OCC(C(C(C(CO)O)O)O)O,C6H14O6,182.17,12,0,1.00,5,6,6,37.93,121.38,0.34,-3.10,-3.59,-2.77,-1.91,-2.21,1.31,3.75e+03,2.06e+01,Highly soluble,1.12,2.38e+03,1.31e+01,Highly soluble,2.57,6.71e+04,3.68e+02,Soluble,Low,No,No,No,No,No,No,No,-9.61,1,2,0,0,3,0.55,0,0,1,3.30
Molecule 75,OCC(C(c1ccc(c(c1)OC)O)O)Oc1ccc(cc1OC)C=CC(=O)NCCc1ccc(cc1)O,C28H31NO8,509.55,37,18,0.25,13,8,5,138.39,137.71,3.68,2.27,2.53,1.17,3.98,2.73,-3.93,5.97e-02,1.17e-04,Soluble,-4.80,8.10e-03,1.59e-05,Moderately soluble,-6.34,2.33e-04,4.57e-07,Poorly soluble,High,No,Yes,No,Yes,Yes,Yes,No,-7.80,1,2,1,1,0,0.55,0,1,2,4.55
Molecule 76,OC(=O)C=Cc1ccc(cc1)O,C9H8O3,164.16,12,6,0.00,2,3,2,45.13,57.53,0.95,1.46,1.38,1.28,1.22,1.26,-2.02,1.58e+00,9.65e-03,Soluble,-2.27,8.73e-01,5.32e-03,Soluble,-1.28,8.67e+00,5.28e-02,Soluble,High,Yes,No,No,No,No,No,No,-6.26,0,0,0,0,1,0.85,0,1,1,1.61
Molecule 77,OCC=C(CCC=C(C)C)C,C10H18O,154.25,11,0,0.60,4,1,1,50.40,20.23,2.75,3.56,2.67,2.59,2.35,2.78,-2.78,2.59e-01,1.68e-03,Soluble,-3.67,3.30e-02,2.14e-04,Soluble,-1.84,2.20e+00,1.43e-02,Soluble,High,Yes,No,No,No,No,No,No,-4.71,0,1,0,0,2,0.55,0,1,2,2.58
Molecule 78,O=CC=C(CCC=C(C)C)C,C10H16O,152.23,11,0,0.50,4,1,0,49.44,17.07,2.47,3.03,2.88,2.49,2.65,2.71,-2.43,5.67e-01,3.73e-03,Soluble,-3.05,1.34e-01,8.83e-04,Soluble,-1.96,1.66e+00,1.09e-02,Soluble,High,Yes,No,No,No,No,No,No,-5.08,0,1,0,0,2,0.55,0,3,1,2.49
Molecule 79,OCC=C(CCC=C(C)C)C,C10H18O,154.25,11,0,0.60,4,1,1,50.40,20.23,2.75,3.56,2.67,2.59,2.35,2.78,-2.78,2.59e-01,1.68e-03,Soluble,-3.67,3.30e-02,2.14e-04,Soluble,-1.84,2.20e+00,1.43e-02,Soluble,High,Yes,No,No,No,No,No,No,-4.71,0,1,0,0,2,0.55,0,1,2,2.58
Molecule 80,CC1=CCC2(C1C2)C(C)C,C10H16,136.23,10,0,0.80,1,0,0,45.22,0.00,2.67,2.85,3.00,4.29,2.95,3.15,-2.41,5.25e-01,3.85e-03,Soluble,-2.51,4.22e-01,3.10e-03,Soluble,-2.23,8.06e-01,5.92e-03,Soluble,Low,Yes,No,No,No,No,No,No,-5.11,1,1,0,0,2,0.55,0,1,1,3.99
Molecule 81,C=C1CCCC2(C1C(O)C(CC2)C(C)C)C,C15H26O,222.37,16,0,0.87,1,1,1,70.42,20.23,3.11,4.16,3.78,3.67,3.51,3.64,-3.77,3.75e-02,1.68e-04,Soluble,-4.29,1.13e-02,5.09e-05,Moderately soluble,-2.98,2.32e-01,1.04e-03,Soluble,High,Yes,No,No,Yes,Yes,No,No,-4.70,0,0,0,0,1,0.55,0,1,2,3.58
Molecule 82,C=CC(CCC=C(C)C)(O)C,C10H18O,154.25,11,0,0.60,4,1,1,50.44,20.23,2.70,2.97,2.67,2.59,2.35,2.66,-2.40,6.09e-01,3.95e-03,Soluble,-3.06,1.35e-01,8.75e-04,Soluble,-1.84,2.20e+00,1.43e-02,Soluble,High,Yes,No,No,No,No,No,No,-5.13,0,1,0,0,2,0.55,0,1,1,2.74
Molecule 83,C=C1C2CCC(C1(C)C)C2,C10H16,136.23,10,0,0.80,0,0,0,45.22,0.00,2.58,4.22,3.00,4.29,3.08,3.43,-3.34,6.18e-02,4.54e-04,Soluble,-3.93,1.60e-02,1.17e-04,Soluble,-2.48,4.55e-01,3.34e-03,Soluble,Low,Yes,No,No,No,Yes,No,No,-4.13,1,1,0,0,2,0.55,0,1,2,3.50
Molecule 84,CC1=CCC2CC1C2(C)C,C10H16,136.23,10,0,0.80,0,0,0,45.22,0.00,2.63,4.48,3.00,4.29,2.79,3.44,-3.51,4.24e-02,3.11e-04,Soluble,-4.20,8.59e-03,6.31e-05,Moderately soluble,-2.23,8.06e-01,5.92e-03,Soluble,Low,Yes,No,No,No,Yes,No,No,-3.95,1,1,0,0,2,0.55,0,1,2,4.44
Molecule 85,C=C1C=CC(=O)O1,C5H4O2,96.08,7,0,0.00,0,2,0,24.37,26.30,1.34,0.85,0.61,0.30,1.19,0.86,-0.97,1.03e+01,1.07e-01,Very soluble,-0.99,9.93e+00,1.03e-01,Very soluble,-0.45,3.41e+01,3.55e-01,Soluble,High,Yes,No,No,No,No,No,No,-6.28,0,3,0,0,1,0.55,0,0,1,2.61
Molecule 86,CC(=CCCc1cocc1)C,C10H14O,150.22,11,5,0.40,3,1,0,47.24,13.14,2.72,3.21,3.18,2.05,3.04,2.84,-2.93,1.76e-01,1.17e-03,Soluble,-3.16,1.04e-01,6.95e-04,Soluble,-3.27,8.14e-02,5.42e-04,Soluble,High,Yes,No,Yes,No,No,No,No,-4.94,0,1,0,0,2,0.55,0,1,1,2.80
Molecule 87,CC1=CC(=O)C(CC1)C(C)C,C10H16O,152.23,11,0,0.70,1,1,0,47.80,17.07,2.38,2.85,2.57,2.20,2.63,2.52,-2.51,4.67e-01,3.07e-03,Soluble,-2.87,2.07e-01,1.36e-03,Soluble,-2.15,1.08e+00,7.10e-03,Soluble,High,Yes,No,No,No,No,No,No,-5.21,0,1,0,0,2,0.55,0,0,1,3.20
Molecule 88,Cc1ccc(c(c1)O)C(C)C,C10H14O,150.22,11,6,0.40,1,1,1,48.01,20.23,2.32,3.30,2.82,2.76,2.79,2.80,-3.19,9.74e-02,6.49e-04,Soluble,-3.40,5.97e-02,3.98e-04,Soluble,-3.01,1.46e-01,9.71e-04,Soluble,High,Yes,No,Yes,No,No,No,No,-4.87,0,1,0,0,2,0.55,0,0,1,1.00
Molecule 89,C=CCc1ccc(c(c1)OC)OC,C11H14O2,178.23,13,6,0.27,4,2,0,53.53,18.46,2.65,2.52,2.43,2.30,3.00,2.58,-2.61,4.37e-01,2.45e-03,Soluble,-2.55,4.98e-01,2.79e-03,Soluble,-3.50,5.62e-02,3.16e-04,Soluble,High,Yes,No,Yes,No,No,No,No,-5.60,0,0,0,0,1,0.55,0,1,1,1.71
Molecule 90,OCC12CCC(C2C2C(CC1)(C)C1(C)CCC3C(C1CC2)(C)CCC(C3(C)C)O)C(=C)C,C30H50O2,442.72,32,0,0.93,2,2,2,136.30,40.46,4.31,8.28,7.00,6.00,6.21,6.36,-7.67,9.48e-06,2.14e-08,Poorly soluble,-8.99,4.50e-07,1.02e-09,Poorly soluble,-6.17,2.99e-04,6.75e-07,Poorly soluble,Low,No,No,No,No,No,No,No,-3.12,1,3,0,1,1,0.55,0,1,2,5.68
Molecule 91,CC(=CCC(C(=C)C)Cc1c(O)cc(c2c1OC(CC2=O)c1ccc(cc1O)O)O)C,C25H28O6,424.49,31,12,0.32,6,6,4,120.87,107.22,3.20,5.78,4.98,2.28,4.95,4.24,-6.00,4.21e-04,9.92e-07,Poorly soluble,-7.80,6.72e-06,1.58e-08,Poorly soluble,-5.30,2.13e-03,5.02e-06,Moderately soluble,High,No,No,No,No,Yes,No,Yes,-4.79,0,0,0,0,1,0.55,0,1,2,4.44
Molecule 92,CC1CCC2(C(C1C)C1=CCC3C(C1(CC2)C)(C)CCC1C3(C)CCC(C1(C)C)O)C,C30H50O,426.72,31,0,0.93,0,1,1,135.14,20.23,4.77,9.01,8.02,6.92,6.52,7.05,-8.16,2.94e-06,6.89e-09,Poorly soluble,-9.33,2.02e-07,4.72e-10,Poorly soluble,-6.71,8.23e-05,1.93e-07,Poorly soluble,Low,No,No,No,No,No,No,No,-2.51,1,3,0,1,2,0.55,0,1,2,6.17
Molecule 93,CC(=O)c1ccccc1,C8H8O,120.15,9,6,0.12,1,1,0,36.64,17.07,1.64,1.58,1.89,1.78,2.19,1.82,-2.01,1.18e+00,9.83e-03,Soluble,-1.55,3.39e+00,2.82e-02,Very soluble,-2.68,2.49e-01,2.07e-03,Soluble,High,Yes,No,Yes,No,No,No,No,-5.91,0,3,0,0,2,0.55,0,0,1,1.00
Molecule 94,Cc1ccc(cc1)C(C)C,C10H14,134.22,10,6,0.40,1,0,0,45.99,0.00,2.51,4.10,3.12,4.47,3.29,3.50,-3.63,3.12e-02,2.33e-04,Soluble,-3.81,2.10e-02,1.56e-04,Soluble,-3.57,3.58e-02,2.67e-04,Soluble,Low,Yes,No,No,No,No,Yes,No,-4.21,1,1,0,0,2,0.55,0,0,2,1.00
Molecule 95,COc1ccccc1,C7H8O,108.14,8,6,0.14,1,1,0,32.93,9.23,1.88,2.11,1.70,1.81,1.89,1.88,-2.33,5.07e-01,4.69e-03,Soluble,-1.93,1.26e+00,1.16e-02,Very soluble,-2.46,3.77e-01,3.48e-03,Soluble,High,Yes,No,Yes,No,No,No,No,-5.46,0,3,0,0,2,0.55,0,0,1,1.00
Molecule 96,CCCC(=O)OCc1ccccc1,C11H14O2,178.23,13,6,0.36,5,2,0,51.92,26.30,2.61,2.79,2.38,2.58,2.75,2.62,-2.71,3.44e-01,1.93e-03,Soluble,-3.00,1.79e-01,1.00e-03,Soluble,-3.69,3.67e-02,2.06e-04,Soluble,High,Yes,No,No,No,No,No,No,-5.41,0,0,0,0,1,0.55,0,0,1,1.49
Molecule 97,O=CCC(CCC=C(C)C)C,C10H18O,154.25,11,0,0.70,5,1,0,49.91,17.07,2.49,3.83,2.96,2.59,2.82,2.94,-2.88,2.04e-01,1.32e-03,Soluble,-3.88,2.01e-02,1.31e-04,Soluble,-2.33,7.26e-01,4.71e-03,Soluble,High,Yes,No,No,No,No,No,No,-4.52,0,1,0,0,2,0.55,0,2,2,2.57
Molecule 98,CC12C3C1CC(C2(C)C)C3,C10H16,136.23,10,0,1.00,0,0,0,43.32,0.00,2.53,3.24,2.69,4.43,2.79,3.14,-2.73,2.56e-01,1.88e-03,Soluble,-2.91,1.66e-01,1.22e-03,Soluble,-2.23,8.06e-01,5.92e-03,Soluble,Low,Yes,No,No,No,No,No,No,-4.83,1,1,0,0,2,0.55,0,0,1,3.59
Molecule 99,CCCCCCCCCCCCCO,C13H28O,200.36,14,0,1.00,11,1,1,65.77,20.23,3.65,5.49,4.29,3.68,4.33,4.29,-3.81,3.07e-02,1.53e-04,Soluble,-5.67,4.25e-04,2.12e-06,Moderately soluble,-4.55,5.60e-03,2.79e-05,Moderately soluble,High,Yes,No,Yes,No,No,No,No,-3.62,0,0,1,0,2,0.55,0,0,3,1.96
Molecule 100,COc1cc(ccc1O)C(=O)O,C8H8O4,168.15,12,6,0.12,2,4,2,41.92,66.76,1.40,1.43,1.10,0.74,0.73,1.08,-2.02,1.60e+00,9.52e-03,Soluble,-2.44,6.15e-01,3.66e-03,Soluble,-1.32,8.10e+00,4.82e-02,Soluble,High,No,No,No,No,No,No,No,-6.31,0,0,0,0,1,0.85,0,0,1,1.42
Molecule 101,COc1ccc(cc1)CC=C,C10H12O,148.20,11,6,0.20,3,1,0,47.04,9.23,2.47,3.37,2.42,2.67,2.96,2.78,-3.09,1.21e-01,8.17e-04,Soluble,-3.24,8.49e-02,5.73e-04,Soluble,-3.35,6.54e-02,4.42e-04,Soluble,High,Yes,No,Yes,No,No,No,No,-4.81,0,1,0,0,2,0.55,0,1,1,1.28
Molecule 102,CC1CCC2=C(C)CCC(CC12)C(O)(C)C,C15H26O,222.37,16,0,0.87,1,1,1,70.72,20.23,3.19,2.91,3.92,3.67,3.35,3.41,-2.99,2.30e-01,1.03e-03,Soluble,-3.00,2.25e-01,1.01e-03,Soluble,-2.96,2.41e-01,1.08e-03,Soluble,High,Yes,No,No,No,No,No,No,-5.59,0,0,0,0,1,0.55,0,1,1,4.17
Molecule 103,CC1CCC2C1C1C(C1(C)C)CCC2=C,C15H24,204.35,15,0,0.87,0,0,0,67.14,0.00,3.26,4.71,4.27,5.65,3.80,4.34,-4.07,1.72e-02,8.43e-05,Moderately soluble,-4.44,7.44e-03,3.64e-05,Moderately soluble,-3.32,9.83e-02,4.81e-04,Soluble,Low,Yes,No,Yes,Yes,Yes,No,No,-4.20,1,0,0,0,1,0.55,0,1,2,3.70
Molecule 104,OC1CCC2(C(C1(C)C)CCC1(C2CCC2(C1=CCC1(C2CC(C)(C)CC1)C)C)C)C,C30H50O,426.72,31,0,0.93,0,1,1,134.88,20.23,4.77,9.30,8.17,6.92,6.92,7.22,-8.34,1.93e-06,4.52e-09,Poorly soluble,-9.63,1.01e-07,2.36e-10,Poorly soluble,-7.16,2.93e-05,6.85e-08,Poorly soluble,Low,No,No,No,No,No,No,No,-2.30,1,3,0,1,2,0.55,0,1,2,6.04
Molecule 105,CC(=CCCC(c1ccc(cc1)C)C)C,C15H22,202.34,15,6,0.47,4,0,0,69.55,0.00,3.50,5.38,4.84,5.75,4.82,4.86,-4.52,6.17e-03,3.05e-05,Moderately soluble,-5.13,1.49e-03,7.34e-06,Moderately soluble,-4.90,2.55e-03,1.26e-05,Moderately soluble,Low,No,No,No,No,No,Yes,No,-3.71,1,0,0,0,2,0.55,0,1,2,2.31
Molecule 106,C=C1CCC2C(C3C1CCC3(C)O)C2(C)C,C15H24O,220.35,16,0,0.87,0,1,1,68.34,20.23,2.88,3.11,3.39,3.67,3.27,3.26,-3.17,1.51e-01,6.83e-04,Soluble,-3.20,1.38e-01,6.26e-04,Soluble,-2.96,2.39e-01,1.09e-03,Soluble,High,Yes,No,No,Yes,No,No,No,-5.44,0,0,0,0,1,0.55,0,1,1,3.78
Molecule 107,OC(=O)C(=O)O,C2H2O4,90.03,6,0,0.00,1,4,2,15.27,74.60,-0.35,-0.25,-0.84,-1.51,-0.97,-0.79,-0.17,6.02e+01,6.69e-01,Very soluble,-0.86,1.25e+01,1.39e-01,Very soluble,1.47,2.66e+03,2.95e+01,Soluble,High,No,No,No,No,No,No,No,-7.03,0,4,0,0,2,0.85,0,1,1,1.00
Molecule 108,CCCCCCCCCCCCCCCC(=O)O,C16H32O2,256.42,18,0,0.94,14,2,1,80.80,37.30,3.85,7.17,5.55,4.19,5.25,5.20,-5.02,2.43e-03,9.49e-06,Moderately soluble,-7.77,4.31e-06,1.68e-08,Poorly soluble,-5.31,1.25e-03,4.88e-06,Moderately soluble,High,Yes,No,Yes,No,Yes,No,No,-2.77,1,0,1,0,1,0.85,0,0,2,2.31
